Pos,Team,Pld,W,D,L,GF,GA,GD,Pts,League,Season
1,Chelsea,38,26,9,3,73,32,41,87,Premier League,2014-15
2,Manchester City,38,24,7,7,83,38,45,79,Premier League,2014-15
3,Arsenal,38,22,9,7,71,36,35,75,Premier League,2014-15
4,Manchester United,38,20,10,8,62,37,25,70,Premier League,2014-15
5,Tottenham Hotspur,38,19,7,12,58,53,5,64,Premier League,2014-15
6,Liverpool,38,18,8,12,52,48,4,62,Premier League,2014-15
7,Southampton,38,18,6,14,54,33,21,60,Premier League,2014-15
8,Swansea City,38,16,8,14,46,49,-3,56,Premier League,2014-15
9,Stoke City,38,15,9,14,48,45,3,54,Premier League,2014-15
10,Crystal Palace,38,13,9,16,47,51,-4,48,Premier League,2014-15
11,Everton,38,12,11,15,48,50,-2,47,Premier League,2014-15
12,West Ham United,38,12,11,15,44,47,-3,47,Premier League,2014-15
13,West Bromwich Albion,38,11,11,16,38,51,-13,44,Premier League,2014-15
14,Leicester City,38,11,8,19,46,55,-9,41,Premier League,2014-15
15,Newcastle United,38,10,9,19,40,63,-23,39,Premier League,2014-15
16,Sunderland,38,7,17,14,31,53,-22,38,Premier League,2014-15
17,Aston Villa,38,10,8,20,31,57,-26,38,Premier League,2014-15
18,Hull City,38,8,11,19,33,51,-18,35,Premier League,2014-15
19,Burnley,38,7,12,19,28,53,-25,33,Premier League,2014-15
20,Queens Park Rangers,38,8,6,24,42,73,-31,30,Premier League,2014-15
1,FC Barcelona,38,30,4,4,110,21,89,94,La Liga,2014-15
2,Real Madrid,38,30,2,6,118,38,80,92,La Liga,2014-15
3,Atlético Madrid,38,23,9,6,67,29,38,78,La Liga,2014-15
4,Valencia CF,38,22,11,5,70,32,38,77,La Liga,2014-15
5,Sevilla FC,38,23,7,8,71,45,26,76,La Liga,2014-15
6,Villarreal CF,38,16,12,10,48,37,11,60,La Liga,2014-15
7,Athletic Club de Bilbao,38,15,10,13,42,41,1,55,La Liga,2014-15
8,RC Celta,38,13,12,13,47,44,3,51,La Liga,2014-15
9,Málaga CF,38,14,8,16,42,48,-6,50,La Liga,2014-15
10,RCD Espanyol,38,13,10,15,47,51,-4,49,La Liga,2014-15
11,Rayo Vallecano,38,15,4,19,46,68,-22,49,La Liga,2014-15
12,Real Sociedad,38,11,13,14,44,51,-7,46,La Liga,2014-15
13,Elche CF,38,11,8,19,35,62,-27,41,La Liga,2014-15
14,Levante UD,38,9,10,19,34,67,-33,37,La Liga,2014-15
15,Getafe CF,38,10,7,21,33,64,-31,37,La Liga,2014-15
16,Deportivo de La Coruña,38,7,14,17,35,60,-25,35,La Liga,2014-15
17,Granada CF,38,7,14,17,29,64,-35,35,La Liga,2014-15
18,SD Eibar,38,9,8,21,34,55,-21,35,La Liga,2014-15
19,UD Almería,38,8,8,22,35,64,-29,29,La Liga,2014-15
20,Córdoba CF,38,3,11,24,22,68,-46,20,La Liga,2014-15
1,FC Bayern München,34,25,4,5,80,18,62,79,Bundesliga,2014-15
2,VfL Wolfsburg,34,20,9,5,72,38,34,69,Bundesliga,2014-15
3,Borussia Mönchengladbach,34,19,9,6,53,26,27,66,Bundesliga,2014-15
4,Bayer 04 Leverkusen,34,17,10,7,62,37,25,61,Bundesliga,2014-15
5,FC Augsburg,34,15,4,15,43,43,0,49,Bundesliga,2014-15
6,FC Schalke 04,34,13,9,12,42,40,2,48,Bundesliga,2014-15
7,Borussia Dortmund,34,13,7,14,47,42,5,46,Bundesliga,2014-15
8,TSG 1899 Hoffenheim,34,12,8,14,49,55,-6,44,Bundesliga,2014-15
9,Eintracht Frankfurt,34,11,10,13,56,62,-6,43,Bundesliga,2014-15
10,SV Werder Bremen,34,11,10,13,50,65,-15,43,Bundesliga,2014-15
11,1. FSV Mainz 05,34,9,13,12,45,47,-2,40,Bundesliga,2014-15
12,1. FC Köln,34,9,13,12,34,40,-6,40,Bundesliga,2014-15
13,Hannover 96,34,9,10,15,40,56,-16,37,Bundesliga,2014-15
14,VfB Stuttgart,34,9,9,16,42,60,-18,36,Bundesliga,2014-15
15,Hertha BSC,34,9,8,17,36,52,-16,35,Bundesliga,2014-15
16,Hamburger SV,34,9,8,17,25,50,-25,35,Bundesliga,2014-15
17,SC Freiburg,34,7,13,14,36,47,-11,34,Bundesliga,2014-15
18,SC Paderborn 07,34,7,10,17,31,65,-34,31,Bundesliga,2014-15
1,Juventus,38,26,9,3,72,24,48,87,Serie A,2014-15
2,Roma,38,19,13,6,54,31,23,70,Serie A,2014-15
3,Lazio,38,21,6,11,71,38,33,69,Serie A,2014-15
4,Fiorentina,38,18,10,10,61,46,15,64,Serie A,2014-15
5,Napoli,38,18,9,11,70,54,16,63,Serie A,2014-15
6,Genoa,38,16,11,11,62,47,15,59,Serie A,2014-15
7,Sampdoria,38,13,17,8,48,42,6,56,Serie A,2014-15
8,Inter,38,14,13,11,59,48,11,55,Serie A,2014-15
9,Torino,38,14,12,12,48,45,3,54,Serie A,2014-15
10,Milan,38,13,13,12,56,50,6,52,Serie A,2014-15
11,Palermo,38,12,13,13,53,55,-2,49,Serie A,2014-15
12,Sassuolo,38,12,13,13,49,57,-8,49,Serie A,2014-15
13,Hellas Verona,38,11,13,14,49,65,-16,46,Serie A,2014-15
14,Chievo Verona,38,10,13,15,28,41,-13,43,Serie A,2014-15
15,Empoli,38,8,18,12,46,52,-6,42,Serie A,2014-15
16,Udinese,38,10,11,17,43,56,-13,41,Serie A,2014-15
17,Atalanta,38,7,16,15,38,57,-19,37,Serie A,2014-15
18,Cagliari,38,8,10,20,48,68,-20,34,Serie A,2014-15
19,Cesena,38,4,12,22,36,73,-37,24,Serie A,2014-15
20,Parma,38,6,8,24,33,75,-42,19,Serie A,2014-15
1,Paris Saint-Germain,38,24,11,3,83,36,47,83,Ligue 1,2014-15
2,Olympique Lyonnais,38,22,9,7,72,33,39,75,Ligue 1,2014-15
3,AS Monaco,38,20,11,7,51,26,25,71,Ligue 1,2014-15
4,Olympique de Marseille,38,21,6,11,76,42,34,69,Ligue 1,2014-15
5,AS Saint-Étienne,38,19,12,7,51,30,21,69,Ligue 1,2014-15
6,FC Girondins de Bordeaux,38,17,12,9,47,44,3,63,Ligue 1,2014-15
7,Montpellier HSC,38,16,8,14,46,39,7,56,Ligue 1,2014-15
8,LOSC Lille,38,16,8,14,43,42,1,56,Ligue 1,2014-15
9,Stade Rennais FC,38,13,11,14,35,42,-7,50,Ligue 1,2014-15
10,En Avant de Guingamp,38,15,4,19,41,55,-14,49,Ligue 1,2014-15
11,OGC Nice,38,13,9,16,44,53,-9,48,Ligue 1,2014-15
12,Sporting Club de Bastia,38,12,11,15,37,46,-9,47,Ligue 1,2014-15
13,Stade Malherbe Caen,38,12,10,16,54,55,-1,46,Ligue 1,2014-15
14,FC Nantes,38,11,12,15,29,40,-11,45,Ligue 1,2014-15
15,Stade de Reims,38,12,8,18,47,66,-19,44,Ligue 1,2014-15
16,FC Lorient,38,12,7,19,44,50,-6,43,Ligue 1,2014-15
17,Toulouse Football Club,38,12,6,20,43,64,-21,42,Ligue 1,2014-15
18,Évian Thonon Gaillard FC,38,11,4,23,41,62,-21,37,Ligue 1,2014-15
19,FC Metz,38,7,9,22,31,61,-30,30,Ligue 1,2014-15
20,Racing Club de Lens,38,7,8,23,32,61,-29,29,Ligue 1,2014-15
1,Leicester City,38,23,12,3,68,36,32,81,Premier League,2015-16
2,Arsenal,38,20,11,7,65,36,29,71,Premier League,2015-16
3,Tottenham Hotspur,38,19,13,6,69,35,34,70,Premier League,2015-16
4,Manchester City,38,19,9,10,71,41,30,66,Premier League,2015-16
5,Manchester United,38,19,9,10,49,35,14,66,Premier League,2015-16
6,Southampton,38,18,9,11,59,41,18,63,Premier League,2015-16
7,West Ham United,38,16,14,8,65,51,14,62,Premier League,2015-16
8,Liverpool,38,16,12,10,63,50,13,60,Premier League,2015-16
9,Stoke City,38,14,9,15,41,55,-14,51,Premier League,2015-16
10,Chelsea,38,12,14,12,59,53,6,50,Premier League,2015-16
11,Everton,38,11,14,13,59,55,4,47,Premier League,2015-16
12,Swansea City,38,12,11,15,42,52,-10,47,Premier League,2015-16
13,Watford,38,12,9,17,40,50,-10,45,Premier League,2015-16
14,West Bromwich Albion,38,10,13,15,34,48,-14,43,Premier League,2015-16
15,Crystal Palace,38,11,9,18,39,51,-12,42,Premier League,2015-16
16,Bournemouth,38,11,9,18,45,67,-22,42,Premier League,2015-16
17,Sunderland,38,9,12,17,48,62,-14,39,Premier League,2015-16
18,Newcastle United,38,9,10,19,44,65,-21,37,Premier League,2015-16
19,Norwich City,38,9,7,22,39,67,-28,34,Premier League,2015-16
20,Aston Villa,38,3,8,27,27,76,-49,17,Premier League,2015-16
1,FC Barcelona,38,29,4,5,112,29,83,91,La Liga,2015-16
2,Real Madrid,38,28,6,4,110,34,76,90,La Liga,2015-16
3,Atlético Madrid,38,28,4,6,63,18,45,88,La Liga,2015-16
4,Villarreal CF,38,18,10,10,44,35,9,64,La Liga,2015-16
5,Athletic Club de Bilbao,38,18,8,12,58,45,13,62,La Liga,2015-16
6,RC Celta,38,17,9,12,51,59,-8,60,La Liga,2015-16
7,Sevilla FC,38,14,10,14,51,50,1,52,La Liga,2015-16
8,Málaga CF,38,12,12,14,38,35,3,48,La Liga,2015-16
9,Real Sociedad,38,13,9,16,45,48,-3,48,La Liga,2015-16
10,Real Betis,38,11,12,15,34,52,-18,45,La Liga,2015-16
11,UD Las Palmas,38,12,8,18,45,53,-8,44,La Liga,2015-16
12,Valencia CF,38,11,11,16,46,48,-2,44,La Liga,2015-16
13,RCD Espanyol,38,12,7,19,40,74,-34,43,La Liga,2015-16
14,SD Eibar,38,11,10,17,49,61,-12,43,La Liga,2015-16
15,Deportivo de La Coruña,38,8,18,12,45,61,-16,42,La Liga,2015-16
16,Granada CF,38,10,9,19,46,69,-23,39,La Liga,2015-16
17,Real Sporting de Gijón,38,10,9,19,40,62,-22,39,La Liga,2015-16
18,Rayo Vallecano,38,9,11,18,52,73,-21,38,La Liga,2015-16
19,Getafe CF,38,9,9,20,37,67,-30,36,La Liga,2015-16
20,Levante UD,38,8,8,22,37,70,-33,32,La Liga,2015-16
1,FC Bayern München,34,28,4,2,80,17,63,88,Bundesliga,2015-16
2,Borussia Dortmund,34,24,6,4,82,34,48,78,Bundesliga,2015-16
3,Bayer 04 Leverkusen,34,18,6,10,56,40,16,60,Bundesliga,2015-16
4,Borussia Mönchengladbach,34,17,4,13,67,50,17,55,Bundesliga,2015-16
5,FC Schalke 04,34,15,7,12,51,49,2,52,Bundesliga,2015-16
6,1. FSV Mainz 05,34,14,8,12,46,42,4,50,Bundesliga,2015-16
7,Hertha BSC,34,14,8,12,42,42,0,50,Bundesliga,2015-16
8,VfL Wolfsburg,34,12,9,13,47,49,-2,45,Bundesliga,2015-16
9,1. FC Köln,34,10,13,11,38,42,-4,43,Bundesliga,2015-16
10,Hamburger SV,34,11,8,15,40,46,-6,41,Bundesliga,2015-16
11,FC Ingolstadt 04,34,10,10,14,33,42,-9,40,Bundesliga,2015-16
12,FC Augsburg,34,9,11,14,42,52,-10,38,Bundesliga,2015-16
13,SV Werder Bremen,34,10,8,16,50,65,-15,38,Bundesliga,2015-16
14,SV Darmstadt 98,34,9,11,14,38,53,-15,38,Bundesliga,2015-16
15,TSG 1899 Hoffenheim,34,9,10,15,39,54,-15,37,Bundesliga,2015-16
16,Eintracht Frankfurt,34,9,9,16,34,52,-18,36,Bundesliga,2015-16
17,VfB Stuttgart,34,9,6,19,50,75,-25,33,Bundesliga,2015-16
18,Hannover 96,34,7,4,23,31,62,-31,25,Bundesliga,2015-16
1,Juventus,38,29,4,5,75,20,55,91,Serie A,2015-16
2,Napoli,38,25,7,6,80,32,48,82,Serie A,2015-16
3,Roma,38,23,11,4,83,41,42,80,Serie A,2015-16
4,Inter,38,20,7,11,50,38,12,67,Serie A,2015-16
5,Fiorentina,38,18,10,10,60,42,18,64,Serie A,2015-16
6,Sassuolo,38,16,13,9,49,40,9,61,Serie A,2015-16
7,Milan,38,15,12,11,49,43,6,57,Serie A,2015-16
8,Lazio,38,15,9,14,52,52,0,54,Serie A,2015-16
9,Chievo Verona,38,13,11,14,43,45,-2,50,Serie A,2015-16
10,Empoli,38,12,10,16,40,49,-9,46,Serie A,2015-16
11,Genoa,38,13,7,18,45,48,-3,46,Serie A,2015-16
12,Torino,38,12,9,17,52,55,-3,45,Serie A,2015-16
13,Atalanta,38,11,12,15,41,47,-6,45,Serie A,2015-16
14,Bologna,38,11,9,18,33,45,-12,42,Serie A,2015-16
15,Sampdoria,38,10,10,18,48,61,-13,40,Serie A,2015-16
16,Palermo,38,10,9,19,38,65,-27,39,Serie A,2015-16
17,Udinese,38,10,9,19,35,60,-25,39,Serie A,2015-16
18,Carpi,38,9,11,18,37,57,-20,38,Serie A,2015-16
19,Frosinone,38,8,7,23,35,76,-41,31,Serie A,2015-16
20,Hellas Verona,38,5,13,20,34,63,-29,28,Serie A,2015-16
1,Paris Saint-Germain,38,30,6,2,102,19,83,96,Ligue 1,2015-16
2,Olympique Lyonnais,38,19,8,11,67,43,24,65,Ligue 1,2015-16
3,AS Monaco,38,17,14,7,57,50,7,65,Ligue 1,2015-16
4,OGC Nice,38,18,9,11,58,41,17,63,Ligue 1,2015-16
5,LOSC Lille,38,15,15,8,39,27,12,60,Ligue 1,2015-16
6,AS Saint-Étienne,38,17,7,14,42,37,5,58,Ligue 1,2015-16
7,Stade Malherbe Caen,38,16,6,16,39,52,-13,54,Ligue 1,2015-16
8,Stade Rennais FC,38,13,13,12,52,54,-2,52,Ligue 1,2015-16
9,Angers SCO,38,13,11,14,40,38,2,50,Ligue 1,2015-16
10,Sporting Club de Bastia,38,14,8,16,36,42,-6,50,Ligue 1,2015-16
11,FC Girondins de Bordeaux,38,12,14,12,50,57,-7,50,Ligue 1,2015-16
12,Montpellier HSC,38,14,7,17,49,47,2,49,Ligue 1,2015-16
13,Olympique de Marseille,38,10,18,10,48,42,6,48,Ligue 1,2015-16
14,FC Nantes,38,12,12,14,33,44,-11,48,Ligue 1,2015-16
15,FC Lorient,38,11,13,14,47,58,-11,46,Ligue 1,2015-16
16,En Avant de Guingamp,38,11,11,16,47,56,-9,44,Ligue 1,2015-16
17,Toulouse Football Club,38,9,13,16,45,55,-10,40,Ligue 1,2015-16
18,Stade de Reims,38,10,9,19,44,57,-13,39,Ligue 1,2015-16
19,GFC Ajaccio,38,8,13,17,37,58,-21,37,Ligue 1,2015-16
20,ESTAC Troyes,38,3,9,26,28,83,-55,18,Ligue 1,2015-16
1,Chelsea,38,30,3,5,85,33,52,93,Premier League,2016-17
2,Tottenham Hotspur,38,26,8,4,86,26,60,86,Premier League,2016-17
3,Manchester City,38,23,9,6,80,39,41,78,Premier League,2016-17
4,Liverpool,38,22,10,6,78,42,36,76,Premier League,2016-17
5,Arsenal,38,23,6,9,77,44,33,75,Premier League,2016-17
6,Manchester United,38,18,15,5,54,29,25,69,Premier League,2016-17
7,Everton,38,17,10,11,62,44,18,61,Premier League,2016-17
8,Southampton,38,12,10,16,41,48,-7,46,Premier League,2016-17
9,Bournemouth,38,12,10,16,55,67,-12,46,Premier League,2016-17
10,West Bromwich Albion,38,12,9,17,43,51,-8,45,Premier League,2016-17
11,West Ham United,38,12,9,17,47,64,-17,45,Premier League,2016-17
12,Leicester City,38,12,8,18,48,63,-15,44,Premier League,2016-17
13,Stoke City,38,11,11,16,41,56,-15,44,Premier League,2016-17
14,Crystal Palace,38,12,5,21,50,63,-13,41,Premier League,2016-17
15,Swansea City,38,12,5,21,45,70,-25,41,Premier League,2016-17
16,Burnley,38,11,7,20,39,55,-16,40,Premier League,2016-17
17,Watford,38,11,7,20,40,68,-28,40,Premier League,2016-17
18,Hull City,38,9,7,22,37,80,-43,34,Premier League,2016-17
19,Middlesbrough,38,5,13,20,27,53,-26,28,Premier League,2016-17
20,Sunderland,38,6,6,26,29,69,-40,24,Premier League,2016-17
1,Real Madrid,38,29,6,3,106,41,65,93,La Liga,2016-17
2,FC Barcelona,38,28,6,4,116,37,79,90,La Liga,2016-17
3,Atlético Madrid,38,23,9,6,70,27,43,78,La Liga,2016-17
4,Sevilla FC,38,21,9,8,69,49,20,72,La Liga,2016-17
5,Villarreal CF,38,19,10,9,56,33,23,67,La Liga,2016-17
6,Real Sociedad,38,19,7,12,59,53,6,64,La Liga,2016-17
7,Athletic Club de Bilbao,38,19,6,13,53,43,10,63,La Liga,2016-17
8,RCD Espanyol,38,15,11,12,49,50,-1,56,La Liga,2016-17
9,Deportivo Alavés,38,14,13,11,41,43,-2,55,La Liga,2016-17
10,SD Eibar,38,15,9,14,56,51,5,54,La Liga,2016-17
11,Málaga CF,38,12,10,16,49,55,-6,46,La Liga,2016-17
12,Valencia CF,38,13,7,18,56,65,-9,46,La Liga,2016-17
13,RC Celta,38,13,6,19,53,69,-16,45,La Liga,2016-17
14,UD Las Palmas,38,10,9,19,53,74,-21,39,La Liga,2016-17
15,Real Betis,38,10,9,19,41,64,-23,39,La Liga,2016-17
16,Deportivo de La Coruña,38,8,12,18,43,61,-18,36,La Liga,2016-17
17,CD Leganés,38,8,11,19,36,55,-19,35,La Liga,2016-17
18,Real Sporting de Gijón,38,7,10,21,42,72,-30,31,La Liga,2016-17
19,CA Osasuna,38,4,10,24,40,94,-54,22,La Liga,2016-17
20,Granada CF,38,4,8,26,30,82,-52,20,La Liga,2016-17
1,FC Bayern München,34,25,7,2,89,22,67,82,Bundesliga,2016-17
2,RB Leipzig,34,20,7,7,66,39,27,67,Bundesliga,2016-17
3,Borussia Dortmund,34,18,10,6,72,40,32,64,Bundesliga,2016-17
4,TSG 1899 Hoffenheim,34,16,14,4,64,37,27,62,Bundesliga,2016-17
5,1. FC Köln,34,12,13,9,51,42,9,49,Bundesliga,2016-17
6,Hertha BSC,34,15,4,15,43,47,-4,49,Bundesliga,2016-17
7,SC Freiburg,34,14,6,14,42,60,-18,48,Bundesliga,2016-17
8,SV Werder Bremen,34,13,6,15,61,64,-3,45,Bundesliga,2016-17
9,Borussia Mönchengladbach,34,12,9,13,45,49,-4,45,Bundesliga,2016-17
10,FC Schalke 04,34,11,10,13,45,40,5,43,Bundesliga,2016-17
11,Eintracht Frankfurt,34,11,9,14,36,43,-7,42,Bundesliga,2016-17
12,Bayer 04 Leverkusen,34,11,8,15,53,55,-2,41,Bundesliga,2016-17
13,FC Augsburg,34,9,11,14,35,51,-16,38,Bundesliga,2016-17
14,Hamburger SV,34,10,8,16,33,61,-28,38,Bundesliga,2016-17
15,1. FSV Mainz 05,34,10,7,17,44,55,-11,37,Bundesliga,2016-17
16,VfL Wolfsburg,34,10,7,17,34,52,-18,37,Bundesliga,2016-17
17,FC Ingolstadt 04,34,8,8,18,36,57,-21,32,Bundesliga,2016-17
18,SV Darmstadt 98,34,7,4,23,28,63,-35,25,Bundesliga,2016-17
1,Juventus,38,29,4,5,77,27,50,91,Serie A,2016-17
2,Roma,38,28,3,7,90,38,52,87,Serie A,2016-17
3,Napoli,38,26,8,4,94,39,55,86,Serie A,2016-17
4,Atalanta,38,21,9,8,62,41,21,72,Serie A,2016-17
5,Lazio,38,21,7,10,74,51,23,70,Serie A,2016-17
6,Milan,38,18,9,11,57,45,12,63,Serie A,2016-17
7,Inter,38,19,5,14,72,49,23,62,Serie A,2016-17
8,Fiorentina,38,16,12,10,63,57,6,60,Serie A,2016-17
9,Torino,38,13,14,11,71,66,5,53,Serie A,2016-17
10,Sampdoria,38,12,12,14,49,55,-6,48,Serie A,2016-17
11,Cagliari,38,14,5,19,55,76,-21,47,Serie A,2016-17
12,Sassuolo,38,13,7,18,58,63,-5,46,Serie A,2016-17
13,Udinese,38,12,9,17,47,56,-9,45,Serie A,2016-17
14,Chievo Verona,38,12,7,19,43,61,-18,43,Serie A,2016-17
15,Bologna,38,11,8,19,40,58,-18,41,Serie A,2016-17
16,Genoa,38,9,9,20,38,64,-26,36,Serie A,2016-17
17,Crotone,38,9,7,22,34,58,-24,34,Serie A,2016-17
18,Empoli,38,8,8,22,29,61,-32,32,Serie A,2016-17
19,Palermo,38,6,8,24,33,77,-44,26,Serie A,2016-17
20,Pescara,38,3,9,26,37,81,-44,18,Serie A,2016-17
1,AS Monaco,38,30,5,3,107,31,76,95,Ligue 1,2016-17
2,Paris Saint-Germain,38,27,6,5,83,27,56,87,Ligue 1,2016-17
3,OGC Nice,38,22,12,4,63,36,27,78,Ligue 1,2016-17
4,Olympique Lyonnais,38,21,4,13,77,48,29,67,Ligue 1,2016-17
5,Olympique de Marseille,38,17,11,10,57,41,16,62,Ligue 1,2016-17
6,FC Girondins de Bordeaux,38,15,14,9,53,43,10,59,Ligue 1,2016-17
7,FC Nantes,38,14,9,15,40,54,-14,51,Ligue 1,2016-17
8,AS Saint-Étienne,38,12,14,12,41,42,-1,50,Ligue 1,2016-17
9,Stade Rennais FC,38,12,14,12,36,42,-6,50,Ligue 1,2016-17
10,En Avant de Guingamp,38,14,8,16,46,53,-7,50,Ligue 1,2016-17
11,LOSC Lille,38,13,7,18,40,47,-7,46,Ligue 1,2016-17
12,Angers SCO,38,13,7,18,40,49,-9,46,Ligue 1,2016-17
13,Toulouse Football Club,38,10,14,14,37,41,-4,44,Ligue 1,2016-17
14,FC Metz,38,11,10,17,39,72,-33,43,Ligue 1,2016-17
15,Montpellier HSC,38,10,9,19,48,66,-18,39,Ligue 1,2016-17
16,Dijon FCO,38,8,13,17,46,58,-12,37,Ligue 1,2016-17
17,Stade Malherbe Caen,38,10,7,21,36,65,-29,37,Ligue 1,2016-17
18,FC Lorient,38,10,6,22,44,70,-26,36,Ligue 1,2016-17
19,AS Nancy Lorraine,38,9,8,21,29,52,-23,35,Ligue 1,2016-17
20,Sporting Club de Bastia,38,8,10,20,29,54,-25,34,Ligue 1,2016-17
1,Manchester City,38,32,4,2,106,27,79,100,Premier League,2017-18
2,Manchester United,38,25,6,7,68,28,40,81,Premier League,2017-18
3,Tottenham Hotspur,38,23,8,7,74,36,38,77,Premier League,2017-18
4,Liverpool,38,21,12,5,84,38,46,75,Premier League,2017-18
5,Chelsea,38,21,7,10,62,38,24,70,Premier League,2017-18
6,Arsenal,38,19,6,13,74,51,23,63,Premier League,2017-18
7,Burnley,38,14,12,12,36,39,-3,54,Premier League,2017-18
8,Everton,38,13,10,15,44,58,-14,49,Premier League,2017-18
9,Leicester City,38,12,11,15,56,60,-4,47,Premier League,2017-18
10,Newcastle United,38,12,8,18,39,47,-8,44,Premier League,2017-18
11,Crystal Palace,38,11,11,16,45,55,-10,44,Premier League,2017-18
12,Bournemouth,38,11,11,16,45,61,-16,44,Premier League,2017-18
13,West Ham United,38,10,12,16,48,68,-20,42,Premier League,2017-18
14,Watford,38,11,8,19,44,64,-20,41,Premier League,2017-18
15,Brighton & Hove Albion,38,9,13,16,34,54,-20,40,Premier League,2017-18
16,Huddersfield Town,38,9,10,19,28,58,-30,37,Premier League,2017-18
17,Southampton,38,7,15,16,37,56,-19,36,Premier League,2017-18
18,Swansea City,38,8,9,21,28,56,-28,33,Premier League,2017-18
19,Stoke City,38,7,12,19,35,68,-33,33,Premier League,2017-18
20,West Bromwich Albion,38,6,13,19,31,56,-25,31,Premier League,2017-18
1,FC Barcelona,38,28,9,1,99,29,70,93,La Liga,2017-18
2,Atlético Madrid,38,23,10,5,58,22,36,79,La Liga,2017-18
3,Real Madrid,38,22,10,6,94,44,50,76,La Liga,2017-18
4,Valencia CF,38,22,7,9,65,38,27,73,La Liga,2017-18
5,Villarreal CF,38,18,7,13,57,50,7,61,La Liga,2017-18
6,Real Betis,38,18,6,14,60,61,-1,60,La Liga,2017-18
7,Sevilla FC,38,17,7,14,49,58,-9,58,La Liga,2017-18
8,Getafe CF,38,15,10,13,42,33,9,55,La Liga,2017-18
9,SD Eibar,38,14,9,15,44,50,-6,51,La Liga,2017-18
10,Girona FC,38,14,9,15,50,59,-9,51,La Liga,2017-18
11,RCD Espanyol,38,12,13,13,36,42,-6,49,La Liga,2017-18
12,Real Sociedad,38,14,7,17,66,59,7,49,La Liga,2017-18
13,RC Celta,38,13,10,15,59,60,-1,49,La Liga,2017-18
14,Deportivo Alavés,38,15,2,21,40,50,-10,47,La Liga,2017-18
15,Levante UD,38,11,13,14,44,58,-14,46,La Liga,2017-18
16,Athletic Club de Bilbao,38,10,13,15,41,49,-8,43,La Liga,2017-18
17,CD Leganés,38,12,7,19,34,51,-17,43,La Liga,2017-18
18,Deportivo de La Coruña,38,6,11,21,38,76,-38,29,La Liga,2017-18
19,UD Las Palmas,38,5,7,26,24,74,-50,22,La Liga,2017-18
20,Málaga CF,38,5,5,28,24,61,-37,20,La Liga,2017-18
1,FC Bayern München,34,27,3,4,92,28,64,84,Bundesliga,2017-18
2,FC Schalke 04,34,18,9,7,53,37,16,63,Bundesliga,2017-18
3,TSG 1899 Hoffenheim,34,15,10,9,66,48,18,55,Bundesliga,2017-18
4,Borussia Dortmund,34,15,10,9,64,47,17,55,Bundesliga,2017-18
5,Bayer 04 Leverkusen,34,15,10,9,58,44,14,55,Bundesliga,2017-18
6,RB Leipzig,34,15,8,11,57,53,4,53,Bundesliga,2017-18
7,VfB Stuttgart,34,15,6,13,36,36,0,51,Bundesliga,2017-18
8,Eintracht Frankfurt,34,14,7,13,45,45,0,49,Bundesliga,2017-18
9,Borussia Mönchengladbach,34,13,8,13,47,52,-5,47,Bundesliga,2017-18
10,Hertha BSC,34,10,13,11,43,46,-3,43,Bundesliga,2017-18
11,SV Werder Bremen,34,10,12,12,37,40,-3,42,Bundesliga,2017-18
12,FC Augsburg,34,10,11,13,43,46,-3,41,Bundesliga,2017-18
13,Hannover 96,34,10,9,15,44,54,-10,39,Bundesliga,2017-18
14,1. FSV Mainz 05,34,9,9,16,38,52,-14,36,Bundesliga,2017-18
15,SC Freiburg,34,8,12,14,32,56,-24,36,Bundesliga,2017-18
16,VfL Wolfsburg,34,6,15,13,36,48,-12,33,Bundesliga,2017-18
17,Hamburger SV,34,8,7,19,29,53,-24,31,Bundesliga,2017-18
18,1. FC Köln,34,5,7,22,35,70,-35,22,Bundesliga,2017-18
1,Juventus,38,30,5,3,86,24,62,95,Serie A,2017-18
2,Napoli,38,28,7,3,77,29,48,91,Serie A,2017-18
3,Roma,38,23,8,7,61,28,33,77,Serie A,2017-18
4,Inter,38,20,12,6,66,30,36,72,Serie A,2017-18
5,Lazio,38,21,9,8,89,49,40,72,Serie A,2017-18
6,Milan,38,18,10,10,56,42,14,64,Serie A,2017-18
7,Atalanta,38,16,12,10,57,39,18,60,Serie A,2017-18
8,Fiorentina,38,16,9,13,54,46,8,57,Serie A,2017-18
9,Torino,38,13,15,10,54,46,8,54,Serie A,2017-18
10,Sampdoria,38,16,6,16,56,60,-4,54,Serie A,2017-18
11,Sassuolo,38,11,10,17,29,59,-30,43,Serie A,2017-18
12,Genoa,38,11,8,19,33,43,-10,41,Serie A,2017-18
13,Chievo Verona,38,10,10,18,36,59,-23,40,Serie A,2017-18
14,Udinese,38,12,4,22,48,63,-15,40,Serie A,2017-18
15,Bologna,38,11,6,21,40,52,-12,39,Serie A,2017-18
16,Cagliari,38,11,6,21,33,61,-28,39,Serie A,2017-18
17,SPAL,38,8,14,16,39,59,-20,38,Serie A,2017-18
18,Crotone,38,9,8,21,40,66,-26,35,Serie A,2017-18
19,Hellas Verona,38,7,4,27,30,78,-48,25,Serie A,2017-18
20,Benevento,38,6,3,29,33,84,-51,21,Serie A,2017-18
1,Paris Saint-Germain,38,29,6,3,108,29,79,93,Ligue 1,2017-18
2,AS Monaco,38,24,8,6,85,45,40,80,Ligue 1,2017-18
3,Olympique Lyonnais,38,23,9,6,87,43,44,78,Ligue 1,2017-18
4,Olympique de Marseille,38,22,11,5,80,47,33,77,Ligue 1,2017-18
5,Stade Rennais FC,38,16,10,12,50,44,6,58,Ligue 1,2017-18
6,FC Girondins de Bordeaux,38,16,7,15,53,48,5,55,Ligue 1,2017-18
7,AS Saint-Étienne,38,15,10,13,47,50,-3,55,Ligue 1,2017-18
8,OGC Nice,38,15,9,14,53,52,1,54,Ligue 1,2017-18
9,FC Nantes,38,14,10,14,36,41,-5,52,Ligue 1,2017-18
10,Montpellier HSC,38,11,18,9,36,33,3,51,Ligue 1,2017-18
11,Dijon FCO,38,13,9,16,55,73,-18,48,Ligue 1,2017-18
12,En Avant de Guingamp,38,12,11,15,48,59,-11,47,Ligue 1,2017-18
13,Amiens SC,38,12,9,17,37,42,-5,45,Ligue 1,2017-18
14,Angers SCO,38,9,14,15,42,52,-10,41,Ligue 1,2017-18
15,RC Strasbourg Alsace,38,9,11,18,44,67,-23,38,Ligue 1,2017-18
16,Stade Malherbe Caen,38,10,8,20,27,52,-25,38,Ligue 1,2017-18
17,LOSC Lille,38,10,8,20,41,67,-26,38,Ligue 1,2017-18
18,Toulouse Football Club,38,9,10,19,38,54,-16,37,Ligue 1,2017-18
19,ESTAC Troyes,38,9,6,23,32,59,-27,33,Ligue 1,2017-18
20,FC Metz,38,6,8,24,34,76,-42,26,Ligue 1,2017-18
1,Manchester City,38,32,2,4,95,23,72,98,Premier League,2018-19
2,Liverpool,38,30,7,1,89,22,67,97,Premier League,2018-19
3,Chelsea,38,21,9,8,63,39,24,72,Premier League,2018-19
4,Tottenham Hotspur,38,23,2,13,67,39,28,71,Premier League,2018-19
5,Arsenal,38,21,7,10,73,51,22,70,Premier League,2018-19
6,Manchester United,38,19,9,10,65,54,11,66,Premier League,2018-19
7,Wolverhampton Wanderers,38,16,9,13,47,46,1,57,Premier League,2018-19
8,Everton,38,15,9,14,54,46,8,54,Premier League,2018-19
9,Leicester City,38,15,7,16,51,48,3,52,Premier League,2018-19
10,West Ham United,38,15,7,16,52,55,-3,52,Premier League,2018-19
11,Watford,38,14,8,16,52,59,-7,50,Premier League,2018-19
12,Crystal Palace,38,14,7,17,51,53,-2,49,Premier League,2018-19
13,Newcastle United,38,12,9,17,42,48,-6,45,Premier League,2018-19
14,Bournemouth,38,13,6,19,56,70,-14,45,Premier League,2018-19
15,Burnley,38,11,7,20,45,68,-23,40,Premier League,2018-19
16,Southampton,38,9,12,17,45,65,-20,39,Premier League,2018-19
17,Brighton & Hove Albion,38,9,9,20,35,60,-25,36,Premier League,2018-19
18,Cardiff City,38,10,4,24,34,69,-35,34,Premier League,2018-19
19,Fulham,38,7,5,26,34,81,-47,26,Premier League,2018-19
20,Huddersfield Town,38,3,7,28,22,76,-54,16,Premier League,2018-19
1,FC Barcelona,38,26,9,3,90,36,54,87,La Liga,2018-19
2,Atlético Madrid,38,22,10,6,55,29,26,76,La Liga,2018-19
3,Real Madrid,38,21,5,12,63,46,17,68,La Liga,2018-19
4,Valencia CF,38,15,16,7,51,35,16,61,La Liga,2018-19
5,Getafe CF,38,15,14,9,48,35,13,59,La Liga,2018-19
6,Sevilla FC,38,17,8,13,62,47,15,59,La Liga,2018-19
7,RCD Espanyol,38,14,11,13,48,50,-2,53,La Liga,2018-19
8,Athletic Club de Bilbao,38,13,14,11,41,45,-4,53,La Liga,2018-19
9,Real Sociedad,38,13,11,14,45,46,-1,50,La Liga,2018-19
10,Real Betis,38,14,8,16,44,52,-8,50,La Liga,2018-19
11,Deportivo Alavés,38,13,11,14,39,50,-11,50,La Liga,2018-19
12,SD Eibar,38,11,14,13,46,50,-4,47,La Liga,2018-19
13,CD Leganés,38,11,12,15,37,43,-6,45,La Liga,2018-19
14,Villarreal CF,38,10,14,14,49,52,-3,44,La Liga,2018-19
15,Levante UD,38,11,11,16,59,66,-7,44,La Liga,2018-19
16,Real Valladolid CF,38,10,11,17,32,51,-19,41,La Liga,2018-19
17,RC Celta,38,10,11,17,53,62,-9,41,La Liga,2018-19
18,Girona FC,38,9,10,19,37,53,-16,37,La Liga,2018-19
19,SD Huesca,38,7,12,19,43,65,-22,33,La Liga,2018-19
20,Rayo Vallecano,38,8,8,22,41,70,-29,32,La Liga,2018-19
1,FC Bayern München,34,24,6,4,88,32,56,78,Bundesliga,2018-19
2,Borussia Dortmund,34,23,7,4,81,44,37,76,Bundesliga,2018-19
3,RB Leipzig,34,19,9,6,63,29,34,66,Bundesliga,2018-19
4,Bayer 04 Leverkusen,34,18,4,12,69,52,17,58,Bundesliga,2018-19
5,Borussia Mönchengladbach,34,16,7,11,55,42,13,55,Bundesliga,2018-19
6,VfL Wolfsburg,34,16,7,11,62,50,12,55,Bundesliga,2018-19
7,Eintracht Frankfurt,34,15,9,10,60,48,12,54,Bundesliga,2018-19
8,SV Werder Bremen,34,14,11,9,58,49,9,53,Bundesliga,2018-19
9,TSG 1899 Hoffenheim,34,13,12,9,70,52,18,51,Bundesliga,2018-19
10,Fortuna Düsseldorf,34,13,5,16,49,65,-16,44,Bundesliga,2018-19
11,Hertha BSC,34,11,10,13,49,57,-8,43,Bundesliga,2018-19
12,1. FSV Mainz 05,34,12,7,15,46,57,-11,43,Bundesliga,2018-19
13,SC Freiburg,34,8,12,14,46,61,-15,36,Bundesliga,2018-19
14,FC Schalke 04,34,8,9,17,37,55,-18,33,Bundesliga,2018-19
15,FC Augsburg,34,8,8,18,51,71,-20,32,Bundesliga,2018-19
16,VfB Stuttgart,34,7,7,20,32,70,-38,28,Bundesliga,2018-19
17,Hannover 96,34,5,6,23,31,71,-40,21,Bundesliga,2018-19
18,1. FC Nürnberg,34,3,10,21,26,68,-42,19,Bundesliga,2018-19
1,Juventus,38,28,6,4,70,30,40,90,Serie A,2018-19
2,Napoli,38,24,7,7,74,36,38,79,Serie A,2018-19
3,Atalanta,38,20,9,9,77,46,31,69,Serie A,2018-19
4,Inter,38,20,9,9,57,33,24,69,Serie A,2018-19
5,Milan,38,19,11,8,55,36,19,68,Serie A,2018-19
6,Roma,38,18,12,8,66,48,18,66,Serie A,2018-19
7,Torino,38,16,15,7,52,37,15,63,Serie A,2018-19
8,Lazio,38,17,8,13,56,46,10,59,Serie A,2018-19
9,Sampdoria,38,15,8,15,60,51,9,53,Serie A,2018-19
10,Bologna,38,11,11,16,48,56,-8,44,Serie A,2018-19
11,Sassuolo,38,9,16,13,53,60,-7,43,Serie A,2018-19
12,Udinese,38,11,10,17,39,53,-14,43,Serie A,2018-19
13,SPAL,38,11,9,18,44,56,-12,42,Serie A,2018-19
14,Parma,38,10,11,17,41,61,-20,41,Serie A,2018-19
15,Cagliari,38,10,11,17,36,54,-18,41,Serie A,2018-19
16,Fiorentina,38,8,17,13,47,45,2,41,Serie A,2018-19
17,Genoa,38,8,14,16,39,57,-18,38,Serie A,2018-19
18,Empoli,38,10,8,20,51,70,-19,38,Serie A,2018-19
19,Frosinone,38,5,10,23,29,69,-40,25,Serie A,2018-19
20,Chievo Verona,38,2,14,22,25,75,-50,17,Serie A,2018-19
1,Paris Saint-Germain,38,29,4,5,105,35,70,91,Ligue 1,2018-19
2,LOSC Lille,38,22,9,7,68,33,35,75,Ligue 1,2018-19
3,Olympique Lyonnais,38,21,9,8,70,47,23,72,Ligue 1,2018-19
4,AS Saint-Étienne,38,19,9,10,59,41,18,66,Ligue 1,2018-19
5,Olympique de Marseille,38,18,7,13,60,52,8,61,Ligue 1,2018-19
6,Montpellier HSC,38,15,14,9,53,42,11,59,Ligue 1,2018-19
7,OGC Nice,38,15,11,12,30,35,-5,56,Ligue 1,2018-19
8,Stade de Reims,38,13,16,9,39,42,-3,55,Ligue 1,2018-19
9,Nîmes Olympique,38,15,8,15,57,58,-1,53,Ligue 1,2018-19
10,Stade Rennais FC,38,13,13,12,55,52,3,52,Ligue 1,2018-19
11,RC Strasbourg Alsace,38,11,16,11,58,48,10,49,Ligue 1,2018-19
12,FC Nantes,38,13,9,16,48,48,0,48,Ligue 1,2018-19
13,Angers SCO,38,10,16,12,44,49,-5,46,Ligue 1,2018-19
14,FC Girondins de Bordeaux,38,10,11,17,34,42,-8,41,Ligue 1,2018-19
15,Amiens SC,38,9,11,18,31,52,-21,38,Ligue 1,2018-19
16,Toulouse Football Club,38,8,14,16,35,57,-22,38,Ligue 1,2018-19
17,AS Monaco,38,8,12,18,38,57,-19,36,Ligue 1,2018-19
18,Dijon FCO,38,9,7,22,31,60,-29,34,Ligue 1,2018-19
19,Stade Malherbe Caen,38,7,12,19,29,54,-25,33,Ligue 1,2018-19
20,En Avant de Guingamp,38,5,12,21,28,68,-40,27,Ligue 1,2018-19
1,Liverpool,29,27,1,1,66,21,45,82,Premier League,2019-20
2,Manchester City,28,18,3,7,68,31,37,57,Premier League,2019-20
3,Leicester City,29,16,5,8,58,28,30,53,Premier League,2019-20
4,Chelsea,29,14,6,9,51,39,12,48,Premier League,2019-20
5,Manchester United,29,12,9,8,44,30,14,45,Premier League,2019-20
6,Wolverhampton Wanderers,29,10,13,6,41,34,7,43,Premier League,2019-20
7,Sheffield United,28,11,10,7,30,25,5,43,Premier League,2019-20
8,Tottenham Hotspur,29,11,8,10,47,40,7,41,Premier League,2019-20
9,Arsenal,28,9,13,6,40,36,4,40,Premier League,2019-20
10,Burnley,29,11,6,12,34,40,-6,39,Premier League,2019-20
11,Crystal Palace,29,10,9,10,26,32,-6,39,Premier League,2019-20
12,Everton,29,10,7,12,37,46,-9,37,Premier League,2019-20
13,Newcastle United,29,9,8,12,25,41,-16,35,Premier League,2019-20
14,Southampton,29,10,4,15,35,52,-17,34,Premier League,2019-20
15,Brighton & Hove Albion,29,6,11,12,32,40,-8,29,Premier League,2019-20
16,West Ham United,29,7,6,16,35,50,-15,27,Premier League,2019-20
17,Watford,29,6,9,14,27,44,-17,27,Premier League,2019-20
18,Bournemouth,29,7,6,16,29,47,-18,27,Premier League,2019-20
19,Aston Villa,28,7,4,17,34,56,-22,25,Premier League,2019-20
20,Norwich City,29,5,6,18,25,52,-27,21,Premier League,2019-20
1,FC Barcelona,27,18,4,5,63,31,32,58,La Liga,2019-20
2,Real Madrid,27,16,8,3,49,19,30,56,La Liga,2019-20
3,Sevilla FC,27,13,8,6,39,29,10,47,La Liga,2019-20
4,Real Sociedad,27,14,4,9,45,33,12,46,La Liga,2019-20
5,Getafe CF,27,13,7,7,37,25,12,46,La Liga,2019-20
6,Atlético Madrid,27,11,12,4,31,21,10,45,La Liga,2019-20
7,Valencia CF,27,11,9,7,38,39,-1,42,La Liga,2019-20
8,Villarreal CF,27,11,5,11,44,38,6,38,La Liga,2019-20
9,Granada CF,27,11,5,11,33,32,1,38,La Liga,2019-20
10,Athletic Club de Bilbao,27,9,10,8,29,23,6,37,La Liga,2019-20
11,CA Osasuna,27,8,10,9,34,38,-4,34,La Liga,2019-20
12,Real Betis,27,8,9,10,38,43,-5,33,La Liga,2019-20
13,Levante UD,27,10,3,14,32,40,-8,33,La Liga,2019-20
14,Deportivo Alavés,27,8,8,11,29,37,-8,32,La Liga,2019-20
15,Real Valladolid CF,27,6,11,10,23,33,-10,29,La Liga,2019-20
16,SD Eibar,27,7,6,14,27,41,-14,27,La Liga,2019-20
17,RC Celta,27,5,11,11,22,34,-12,26,La Liga,2019-20
18,RCD Mallorca,27,7,4,16,28,44,-16,25,La Liga,2019-20
19,CD Leganés,27,5,8,14,21,39,-18,23,La Liga,2019-20
20,RCD Espanyol,27,4,8,15,23,46,-23,20,La Liga,2019-20
1,FC Bayern München,25,17,4,4,73,26,47,55,Bundesliga,2019-20
2,Borussia Dortmund,25,15,6,4,68,33,35,51,Bundesliga,2019-20
3,RB Leipzig,25,14,8,3,62,26,36,50,Bundesliga,2019-20
4,Borussia Mönchengladbach,25,15,4,6,49,30,19,49,Bundesliga,2019-20
5,Bayer 04 Leverkusen,25,14,5,6,45,30,15,47,Bundesliga,2019-20
6,FC Schalke 04,25,9,10,6,33,36,-3,37,Bundesliga,2019-20
7,VfL Wolfsburg,25,9,9,7,34,30,4,36,Bundesliga,2019-20
8,SC Freiburg,25,10,6,9,34,35,-1,36,Bundesliga,2019-20
9,TSG 1899 Hoffenheim,25,10,5,10,35,43,-8,35,Bundesliga,2019-20
10,1. FC Köln,25,10,2,13,39,45,-6,32,Bundesliga,2019-20
11,1. FC Union Berlin,25,9,3,13,32,41,-9,30,Bundesliga,2019-20
12,Eintracht Frankfurt,24,8,4,12,38,41,-3,28,Bundesliga,2019-20
13,Hertha BSC,25,7,7,11,32,48,-16,28,Bundesliga,2019-20
14,FC Augsburg,25,7,6,12,36,52,-16,27,Bundesliga,2019-20
15,1. FSV Mainz 05,25,8,2,15,34,53,-19,26,Bundesliga,2019-20
16,Fortuna Düsseldorf,25,5,7,13,27,50,-23,22,Bundesliga,2019-20
17,SV Werder Bremen,24,4,6,14,27,55,-28,18,Bundesliga,2019-20
18,SC Paderborn 07,25,4,4,17,30,54,-24,16,Bundesliga,2019-20
1,Juventus,26,20,3,3,50,24,26,63,Serie A,2019-20
2,Lazio,26,19,5,2,60,23,37,62,Serie A,2019-20
3,Inter,25,16,6,3,49,24,25,54,Serie A,2019-20
4,Atalanta,25,14,6,5,70,34,36,48,Serie A,2019-20
5,Roma,26,13,6,7,51,35,16,45,Serie A,2019-20
6,Napoli,26,11,6,9,41,36,5,39,Serie A,2019-20
7,Milan,26,10,6,10,28,34,-6,36,Serie A,2019-20
8,Hellas Verona,25,9,8,8,29,26,3,35,Serie A,2019-20
9,Parma,25,10,5,10,32,31,1,35,Serie A,2019-20
10,Bologna,26,9,7,10,38,42,-4,34,Serie A,2019-20
11,Sassuolo,25,9,5,11,41,39,2,32,Serie A,2019-20
12,Cagliari,25,8,8,9,41,40,1,32,Serie A,2019-20
13,Fiorentina,26,7,9,10,32,36,-4,30,Serie A,2019-20
14,Udinese,26,7,7,12,21,37,-16,28,Serie A,2019-20
15,Torino,25,8,3,14,28,45,-17,27,Serie A,2019-20
16,Sampdoria,25,7,5,13,28,44,-16,26,Serie A,2019-20
17,Genoa,26,6,7,13,31,47,-16,25,Serie A,2019-20
18,Lecce,26,6,7,13,34,56,-22,25,Serie A,2019-20
19,SPAL,26,5,3,18,20,44,-24,18,Serie A,2019-20
20,Brescia,26,4,4,18,22,49,-27,16,Serie A,2019-20
1,Paris Saint-Germain,27,22,2,3,75,24,51,68,Ligue 1,2019-20
2,Olympique de Marseille,28,16,8,4,41,29,12,56,Ligue 1,2019-20
3,Stade Rennais FC,28,15,5,8,38,24,14,50,Ligue 1,2019-20
4,LOSC Lille,28,15,4,9,35,27,8,49,Ligue 1,2019-20
5,OGC Nice,28,11,8,9,41,38,3,40,Ligue 1,2019-20
6,Stade de Reims,28,10,11,7,26,21,5,40,Ligue 1,2019-20
7,Olympique Lyonnais,28,11,7,10,42,27,15,40,Ligue 1,2019-20
8,Montpellier HSC,28,11,7,10,35,34,1,40,Ligue 1,2019-20
9,AS Monaco,28,11,7,10,44,44,0,40,Ligue 1,2019-20
10,RC Strasbourg Alsace,27,11,5,11,32,32,0,38,Ligue 1,2019-20
11,Angers SCO,28,11,6,11,28,33,-5,38,Ligue 1,2019-20
12,FC Girondins de Bordeaux,28,9,10,9,40,34,6,36,Ligue 1,2019-20
13,FC Nantes,28,11,4,13,28,31,-3,36,Ligue 1,2019-20
14,Stade Brestois 29,28,8,10,10,34,37,-3,33,Ligue 1,2019-20
15,FC Metz,28,8,10,10,27,35,-8,33,Ligue 1,2019-20
16,Dijon FCO,28,7,9,12,27,37,-10,29,Ligue 1,2019-20
17,AS Saint-Étienne,28,8,6,14,29,45,-16,29,Ligue 1,2019-20
18,Nîmes Olympique,28,7,6,15,29,44,-15,26,Ligue 1,2019-20
19,Amiens SC,28,4,11,13,31,50,-19,22,Ligue 1,2019-20
20,Toulouse Football Club,28,3,4,21,22,58,-36,12,Ligue 1,2019-20
